EXIST2022	0	sexist
EXIST2022	1	non-sexist
EXIST2022	2	non-sexist
EXIST2022	3	sexist
EXIST2022	4	sexist
EXIST2022	5	non-sexist
EXIST2022	6	sexist
EXIST2022	7	non-sexist
EXIST2022	8	sexist
EXIST2022	9	sexist
EXIST2022	10	sexist
EXIST2022	11	sexist
EXIST2022	12	sexist
EXIST2022	13	non-sexist
EXIST2022	14	non-sexist
EXIST2022	15	non-sexist
EXIST2022	16	non-sexist
EXIST2022	17	non-sexist
EXIST2022	18	non-sexist
EXIST2022	19	non-sexist
EXIST2022	20	sexist
EXIST2022	21	sexist
EXIST2022	22	sexist
EXIST2022	23	non-sexist
EXIST2022	24	sexist
EXIST2022	25	non-sexist
EXIST2022	26	non-sexist
EXIST2022	27	sexist
EXIST2022	28	sexist
EXIST2022	29	sexist
EXIST2022	30	non-sexist
EXIST2022	31	non-sexist
EXIST2022	32	sexist
EXIST2022	33	non-sexist
EXIST2022	34	sexist
EXIST2022	35	sexist
EXIST2022	36	non-sexist
EXIST2022	37	non-sexist
EXIST2022	38	sexist
EXIST2022	39	non-sexist
EXIST2022	40	non-sexist
EXIST2022	41	non-sexist
EXIST2022	42	sexist
EXIST2022	43	sexist
EXIST2022	44	non-sexist
EXIST2022	45	non-sexist
EXIST2022	46	sexist
EXIST2022	47	non-sexist
EXIST2022	48	sexist
EXIST2022	49	non-sexist
EXIST2022	50	non-sexist
EXIST2022	51	non-sexist
EXIST2022	52	sexist
EXIST2022	53	sexist
EXIST2022	54	sexist
EXIST2022	55	non-sexist
EXIST2022	56	non-sexist
EXIST2022	57	sexist
EXIST2022	58	non-sexist
EXIST2022	59	sexist
EXIST2022	60	sexist
EXIST2022	61	sexist
EXIST2022	62	sexist
EXIST2022	63	sexist
EXIST2022	64	sexist
EXIST2022	65	non-sexist
EXIST2022	66	sexist
EXIST2022	67	non-sexist
EXIST2022	68	sexist
EXIST2022	69	sexist
EXIST2022	70	sexist
EXIST2022	71	sexist
EXIST2022	72	non-sexist
EXIST2022	73	sexist
EXIST2022	74	sexist
EXIST2022	75	sexist
EXIST2022	76	sexist
EXIST2022	77	non-sexist
EXIST2022	78	non-sexist
EXIST2022	79	sexist
EXIST2022	80	non-sexist
EXIST2022	81	non-sexist
EXIST2022	82	non-sexist
EXIST2022	83	sexist
EXIST2022	84	sexist
EXIST2022	85	sexist
EXIST2022	86	sexist
EXIST2022	87	non-sexist
EXIST2022	88	sexist
EXIST2022	89	sexist
EXIST2022	90	non-sexist
EXIST2022	91	non-sexist
EXIST2022	92	sexist
EXIST2022	93	non-sexist
EXIST2022	94	sexist
EXIST2022	95	sexist
EXIST2022	96	non-sexist
EXIST2022	97	sexist
EXIST2022	98	non-sexist
EXIST2022	99	sexist
EXIST2022	100	sexist
EXIST2022	101	non-sexist
EXIST2022	102	sexist
EXIST2022	103	sexist
EXIST2022	104	non-sexist
EXIST2022	105	sexist
EXIST2022	106	sexist
EXIST2022	107	non-sexist
EXIST2022	108	sexist
EXIST2022	109	non-sexist
EXIST2022	110	sexist
EXIST2022	111	sexist
EXIST2022	112	sexist
EXIST2022	113	non-sexist
EXIST2022	114	non-sexist
EXIST2022	115	sexist
EXIST2022	116	sexist
EXIST2022	117	non-sexist
EXIST2022	118	sexist
EXIST2022	119	sexist
EXIST2022	120	non-sexist
EXIST2022	121	sexist
EXIST2022	122	non-sexist
EXIST2022	123	sexist
EXIST2022	124	sexist
EXIST2022	125	sexist
EXIST2022	126	non-sexist
EXIST2022	127	sexist
EXIST2022	128	sexist
EXIST2022	129	sexist
EXIST2022	130	non-sexist
EXIST2022	131	sexist
EXIST2022	132	sexist
EXIST2022	133	sexist
EXIST2022	134	non-sexist
EXIST2022	135	non-sexist
EXIST2022	136	non-sexist
EXIST2022	137	non-sexist
EXIST2022	138	non-sexist
EXIST2022	139	non-sexist
EXIST2022	140	sexist
EXIST2022	141	sexist
EXIST2022	142	sexist
EXIST2022	143	non-sexist
EXIST2022	144	non-sexist
EXIST2022	145	sexist
EXIST2022	146	non-sexist
EXIST2022	147	sexist
EXIST2022	148	sexist
EXIST2022	149	sexist
EXIST2022	150	sexist
EXIST2022	151	sexist
EXIST2022	152	non-sexist
EXIST2022	153	sexist
EXIST2022	154	sexist
EXIST2022	155	non-sexist
EXIST2022	156	non-sexist
EXIST2022	157	non-sexist
EXIST2022	158	sexist
EXIST2022	159	sexist
EXIST2022	160	sexist
EXIST2022	161	non-sexist
EXIST2022	162	non-sexist
EXIST2022	163	non-sexist
EXIST2022	164	sexist
EXIST2022	165	sexist
EXIST2022	166	sexist
EXIST2022	167	non-sexist
EXIST2022	168	sexist
EXIST2022	169	sexist
EXIST2022	170	non-sexist
EXIST2022	171	sexist
EXIST2022	172	non-sexist
EXIST2022	173	sexist
EXIST2022	174	sexist
EXIST2022	175	sexist
EXIST2022	176	sexist
EXIST2022	177	sexist
EXIST2022	178	sexist
EXIST2022	179	non-sexist
EXIST2022	180	non-sexist
EXIST2022	181	non-sexist
EXIST2022	182	sexist
EXIST2022	183	non-sexist
EXIST2022	184	non-sexist
EXIST2022	185	non-sexist
EXIST2022	186	non-sexist
EXIST2022	187	non-sexist
EXIST2022	188	sexist
EXIST2022	189	non-sexist
EXIST2022	190	non-sexist
EXIST2022	191	sexist
EXIST2022	192	sexist
EXIST2022	193	sexist
EXIST2022	194	non-sexist
EXIST2022	195	non-sexist
EXIST2022	196	sexist
EXIST2022	197	non-sexist
EXIST2022	198	sexist
EXIST2022	199	non-sexist
EXIST2022	200	sexist
EXIST2022	201	non-sexist
EXIST2022	202	sexist
EXIST2022	203	sexist
EXIST2022	204	non-sexist
EXIST2022	205	non-sexist
EXIST2022	206	sexist
EXIST2022	207	non-sexist
EXIST2022	208	non-sexist
EXIST2022	209	sexist
EXIST2022	210	sexist
EXIST2022	211	sexist
EXIST2022	212	non-sexist
EXIST2022	213	non-sexist
EXIST2022	214	sexist
EXIST2022	215	sexist
EXIST2022	216	sexist
EXIST2022	217	sexist
EXIST2022	218	sexist
EXIST2022	219	sexist
EXIST2022	220	sexist
EXIST2022	221	sexist
EXIST2022	222	non-sexist
EXIST2022	223	sexist
EXIST2022	224	non-sexist
EXIST2022	225	non-sexist
EXIST2022	226	sexist
EXIST2022	227	sexist
EXIST2022	228	sexist
EXIST2022	229	sexist
EXIST2022	230	sexist
EXIST2022	231	sexist
EXIST2022	232	sexist
EXIST2022	233	sexist
EXIST2022	234	sexist
EXIST2022	235	non-sexist
EXIST2022	236	non-sexist
EXIST2022	237	non-sexist
EXIST2022	238	non-sexist
EXIST2022	239	non-sexist
EXIST2022	240	sexist
EXIST2022	241	non-sexist
EXIST2022	242	non-sexist
EXIST2022	243	non-sexist
EXIST2022	244	non-sexist
EXIST2022	245	sexist
EXIST2022	246	sexist
EXIST2022	247	sexist
EXIST2022	248	non-sexist
EXIST2022	249	non-sexist
EXIST2022	250	sexist
EXIST2022	251	non-sexist
EXIST2022	252	sexist
EXIST2022	253	sexist
EXIST2022	254	sexist
EXIST2022	255	non-sexist
EXIST2022	256	non-sexist
EXIST2022	257	sexist
EXIST2022	258	sexist
EXIST2022	259	non-sexist
EXIST2022	260	sexist
EXIST2022	261	sexist
EXIST2022	262	non-sexist
EXIST2022	263	non-sexist
EXIST2022	264	non-sexist
EXIST2022	265	sexist
EXIST2022	266	sexist
EXIST2022	267	sexist
EXIST2022	268	sexist
EXIST2022	269	sexist
EXIST2022	270	non-sexist
EXIST2022	271	sexist
EXIST2022	272	non-sexist
EXIST2022	273	sexist
EXIST2022	274	sexist
EXIST2022	275	non-sexist
EXIST2022	276	non-sexist
EXIST2022	277	sexist
EXIST2022	278	non-sexist
EXIST2022	279	non-sexist
EXIST2022	280	non-sexist
EXIST2022	281	non-sexist
EXIST2022	282	sexist
EXIST2022	283	sexist
EXIST2022	284	sexist
EXIST2022	285	sexist
EXIST2022	286	non-sexist
EXIST2022	287	sexist
EXIST2022	288	non-sexist
EXIST2022	289	sexist
EXIST2022	290	sexist
EXIST2022	291	sexist
EXIST2022	292	non-sexist
EXIST2022	293	sexist
EXIST2022	294	sexist
EXIST2022	295	sexist
EXIST2022	296	non-sexist
EXIST2022	297	sexist
EXIST2022	298	non-sexist
EXIST2022	299	sexist
EXIST2022	300	sexist
EXIST2022	301	non-sexist
EXIST2022	302	non-sexist
EXIST2022	303	sexist
EXIST2022	304	non-sexist
EXIST2022	305	non-sexist
EXIST2022	306	sexist
EXIST2022	307	non-sexist
EXIST2022	308	sexist
EXIST2022	309	sexist
EXIST2022	310	non-sexist
EXIST2022	311	non-sexist
EXIST2022	312	non-sexist
EXIST2022	313	non-sexist
EXIST2022	314	non-sexist
EXIST2022	315	sexist
EXIST2022	316	non-sexist
EXIST2022	317	sexist
EXIST2022	318	sexist
EXIST2022	319	sexist
EXIST2022	320	sexist
EXIST2022	321	non-sexist
EXIST2022	322	sexist
EXIST2022	323	sexist
EXIST2022	324	sexist
EXIST2022	325	non-sexist
EXIST2022	326	non-sexist
EXIST2022	327	sexist
EXIST2022	328	sexist
EXIST2022	329	non-sexist
EXIST2022	330	non-sexist
EXIST2022	331	sexist
EXIST2022	332	sexist
EXIST2022	333	non-sexist
EXIST2022	334	non-sexist
EXIST2022	335	non-sexist
EXIST2022	336	non-sexist
EXIST2022	337	sexist
EXIST2022	338	sexist
EXIST2022	339	non-sexist
EXIST2022	340	sexist
EXIST2022	341	sexist
EXIST2022	342	sexist
EXIST2022	343	non-sexist
EXIST2022	344	non-sexist
EXIST2022	345	non-sexist
EXIST2022	346	sexist
EXIST2022	347	sexist
EXIST2022	348	sexist
EXIST2022	349	non-sexist
EXIST2022	350	non-sexist
EXIST2022	351	sexist
EXIST2022	352	non-sexist
EXIST2022	353	non-sexist
EXIST2022	354	sexist
EXIST2022	355	non-sexist
EXIST2022	356	sexist
EXIST2022	357	non-sexist
EXIST2022	358	non-sexist
EXIST2022	359	sexist
EXIST2022	360	non-sexist
EXIST2022	361	sexist
EXIST2022	362	sexist
EXIST2022	363	sexist
EXIST2022	364	sexist
EXIST2022	365	non-sexist
EXIST2022	366	non-sexist
EXIST2022	367	sexist
EXIST2022	368	sexist
EXIST2022	369	sexist
EXIST2022	370	sexist
EXIST2022	371	non-sexist
EXIST2022	372	sexist
EXIST2022	373	sexist
EXIST2022	374	sexist
EXIST2022	375	non-sexist
EXIST2022	376	sexist
EXIST2022	377	sexist
EXIST2022	378	sexist
EXIST2022	379	non-sexist
EXIST2022	380	sexist
EXIST2022	381	sexist
EXIST2022	382	non-sexist
EXIST2022	383	non-sexist
EXIST2022	384	sexist
EXIST2022	385	sexist
EXIST2022	386	non-sexist
EXIST2022	387	sexist
EXIST2022	388	non-sexist
EXIST2022	389	sexist
EXIST2022	390	non-sexist
EXIST2022	391	non-sexist
EXIST2022	392	sexist
EXIST2022	393	non-sexist
EXIST2022	394	sexist
EXIST2022	395	sexist
EXIST2022	396	non-sexist
EXIST2022	397	sexist
EXIST2022	398	non-sexist
EXIST2022	399	sexist
EXIST2022	400	sexist
EXIST2022	401	non-sexist
EXIST2022	402	non-sexist
EXIST2022	403	sexist
EXIST2022	404	non-sexist
EXIST2022	405	sexist
EXIST2022	406	sexist
EXIST2022	407	sexist
EXIST2022	408	non-sexist
EXIST2022	409	non-sexist
EXIST2022	410	sexist
EXIST2022	411	non-sexist
EXIST2022	412	sexist
EXIST2022	413	sexist
EXIST2022	414	sexist
EXIST2022	415	sexist
EXIST2022	416	non-sexist
EXIST2022	417	non-sexist
EXIST2022	418	sexist
EXIST2022	419	sexist
EXIST2022	420	sexist
EXIST2022	421	sexist
EXIST2022	422	sexist
EXIST2022	423	non-sexist
EXIST2022	424	non-sexist
EXIST2022	425	non-sexist
EXIST2022	426	non-sexist
EXIST2022	427	non-sexist
EXIST2022	428	non-sexist
EXIST2022	429	sexist
EXIST2022	430	sexist
EXIST2022	431	non-sexist
EXIST2022	432	non-sexist
EXIST2022	433	sexist
EXIST2022	434	sexist
EXIST2022	435	sexist
EXIST2022	436	sexist
EXIST2022	437	non-sexist
EXIST2022	438	non-sexist
EXIST2022	439	sexist
EXIST2022	440	non-sexist
EXIST2022	441	sexist
EXIST2022	442	non-sexist
EXIST2022	443	sexist
EXIST2022	444	sexist
EXIST2022	445	non-sexist
EXIST2022	446	non-sexist
EXIST2022	447	sexist
EXIST2022	448	non-sexist
EXIST2022	449	sexist
EXIST2022	450	non-sexist
EXIST2022	451	non-sexist
EXIST2022	452	non-sexist
EXIST2022	453	sexist
EXIST2022	454	non-sexist
EXIST2022	455	non-sexist
EXIST2022	456	non-sexist
EXIST2022	457	sexist
EXIST2022	458	sexist
EXIST2022	459	non-sexist
EXIST2022	460	sexist
EXIST2022	461	non-sexist
EXIST2022	462	sexist
EXIST2022	463	non-sexist
EXIST2022	464	non-sexist
EXIST2022	465	non-sexist
EXIST2022	466	sexist
EXIST2022	467	non-sexist
EXIST2022	468	non-sexist
EXIST2022	469	sexist
EXIST2022	470	non-sexist
EXIST2022	471	sexist
EXIST2022	472	sexist
EXIST2022	473	non-sexist
EXIST2022	474	non-sexist
EXIST2022	475	sexist
EXIST2022	476	sexist
EXIST2022	477	non-sexist
EXIST2022	478	non-sexist
EXIST2022	479	sexist
EXIST2022	480	non-sexist
EXIST2022	481	sexist
EXIST2022	482	sexist
EXIST2022	483	sexist
EXIST2022	484	sexist
EXIST2022	485	sexist
EXIST2022	486	non-sexist
EXIST2022	487	sexist
EXIST2022	488	sexist
EXIST2022	489	non-sexist
EXIST2022	490	sexist
EXIST2022	491	sexist
EXIST2022	492	sexist
EXIST2022	493	non-sexist
EXIST2022	494	non-sexist
EXIST2022	495	sexist
EXIST2022	496	non-sexist
EXIST2022	497	non-sexist
EXIST2022	498	sexist
EXIST2022	499	non-sexist
EXIST2022	500	sexist
EXIST2022	501	non-sexist
EXIST2022	502	sexist
EXIST2022	503	sexist
EXIST2022	504	non-sexist
EXIST2022	505	non-sexist
EXIST2022	506	non-sexist
EXIST2022	507	non-sexist
EXIST2022	508	non-sexist
EXIST2022	509	sexist
EXIST2022	510	non-sexist
EXIST2022	511	non-sexist
EXIST2022	512	non-sexist
EXIST2022	513	sexist
EXIST2022	514	sexist
EXIST2022	515	sexist
EXIST2022	516	non-sexist
EXIST2022	517	sexist
EXIST2022	518	non-sexist
EXIST2022	519	non-sexist
EXIST2022	520	non-sexist
EXIST2022	521	non-sexist
EXIST2022	522	sexist
EXIST2022	523	non-sexist
EXIST2022	524	non-sexist
EXIST2022	525	sexist
EXIST2022	526	non-sexist
EXIST2022	527	non-sexist
EXIST2022	528	non-sexist
EXIST2022	529	non-sexist
EXIST2022	530	sexist
EXIST2022	531	non-sexist
EXIST2022	532	sexist
EXIST2022	533	sexist
EXIST2022	534	sexist
EXIST2022	535	sexist
EXIST2022	536	non-sexist
EXIST2022	537	sexist
EXIST2022	538	sexist
EXIST2022	539	non-sexist
EXIST2022	540	sexist
EXIST2022	541	sexist
EXIST2022	542	sexist
EXIST2022	543	non-sexist
EXIST2022	544	sexist
EXIST2022	545	sexist
EXIST2022	546	non-sexist
EXIST2022	547	sexist
EXIST2022	548	sexist
EXIST2022	549	non-sexist
EXIST2022	550	sexist
EXIST2022	551	non-sexist
EXIST2022	552	sexist
EXIST2022	553	non-sexist
EXIST2022	554	sexist
EXIST2022	555	non-sexist
EXIST2022	556	non-sexist
EXIST2022	557	sexist
EXIST2022	558	non-sexist
EXIST2022	559	sexist
EXIST2022	560	sexist
EXIST2022	561	non-sexist
EXIST2022	562	sexist
EXIST2022	563	non-sexist
EXIST2022	564	sexist
EXIST2022	565	sexist
EXIST2022	566	sexist
EXIST2022	567	sexist
EXIST2022	568	non-sexist
EXIST2022	569	sexist
EXIST2022	570	sexist
EXIST2022	571	non-sexist
EXIST2022	572	sexist
EXIST2022	573	non-sexist
EXIST2022	574	sexist
EXIST2022	575	non-sexist
EXIST2022	576	sexist
EXIST2022	577	non-sexist
EXIST2022	578	sexist
EXIST2022	579	non-sexist
EXIST2022	580	non-sexist
EXIST2022	581	sexist
EXIST2022	582	sexist
EXIST2022	583	sexist
EXIST2022	584	non-sexist
EXIST2022	585	sexist
EXIST2022	586	non-sexist
EXIST2022	587	non-sexist
EXIST2022	588	sexist
EXIST2022	589	sexist
EXIST2022	590	sexist
EXIST2022	591	sexist
EXIST2022	592	non-sexist
EXIST2022	593	sexist
EXIST2022	594	sexist
EXIST2022	595	non-sexist
EXIST2022	596	sexist
EXIST2022	597	non-sexist
EXIST2022	598	non-sexist
EXIST2022	599	sexist
EXIST2022	600	non-sexist
EXIST2022	601	sexist
EXIST2022	602	non-sexist
EXIST2022	603	non-sexist
EXIST2022	604	sexist
EXIST2022	605	sexist
EXIST2022	606	non-sexist
EXIST2022	607	sexist
EXIST2022	608	sexist
EXIST2022	609	sexist
EXIST2022	610	non-sexist
EXIST2022	611	sexist
EXIST2022	612	sexist
EXIST2022	613	non-sexist
EXIST2022	614	non-sexist
EXIST2022	615	non-sexist
EXIST2022	616	sexist
EXIST2022	617	sexist
EXIST2022	618	sexist
EXIST2022	619	non-sexist
EXIST2022	620	non-sexist
EXIST2022	621	sexist
EXIST2022	622	sexist
EXIST2022	623	sexist
EXIST2022	624	non-sexist
EXIST2022	625	non-sexist
EXIST2022	626	sexist
EXIST2022	627	non-sexist
EXIST2022	628	non-sexist
EXIST2022	629	non-sexist
EXIST2022	630	non-sexist
EXIST2022	631	sexist
EXIST2022	632	non-sexist
EXIST2022	633	non-sexist
EXIST2022	634	sexist
EXIST2022	635	non-sexist
EXIST2022	636	non-sexist
EXIST2022	637	sexist
EXIST2022	638	sexist
EXIST2022	639	sexist
EXIST2022	640	sexist
EXIST2022	641	sexist
EXIST2022	642	non-sexist
EXIST2022	643	sexist
EXIST2022	644	sexist
EXIST2022	645	non-sexist
EXIST2022	646	sexist
EXIST2022	647	sexist
EXIST2022	648	sexist
EXIST2022	649	sexist
EXIST2022	650	sexist
EXIST2022	651	sexist
EXIST2022	652	non-sexist
EXIST2022	653	sexist
EXIST2022	654	non-sexist
EXIST2022	655	sexist
EXIST2022	656	sexist
EXIST2022	657	sexist
EXIST2022	658	sexist
EXIST2022	659	non-sexist
EXIST2022	660	sexist
EXIST2022	661	sexist
EXIST2022	662	sexist
EXIST2022	663	sexist
EXIST2022	664	sexist
EXIST2022	665	non-sexist
EXIST2022	666	non-sexist
EXIST2022	667	sexist
EXIST2022	668	sexist
EXIST2022	669	sexist
EXIST2022	670	sexist
EXIST2022	671	non-sexist
EXIST2022	672	sexist
EXIST2022	673	sexist
EXIST2022	674	non-sexist
EXIST2022	675	sexist
EXIST2022	676	sexist
EXIST2022	677	non-sexist
EXIST2022	678	sexist
EXIST2022	679	non-sexist
EXIST2022	680	sexist
EXIST2022	681	non-sexist
EXIST2022	682	non-sexist
EXIST2022	683	sexist
EXIST2022	684	non-sexist
EXIST2022	685	non-sexist
EXIST2022	686	sexist
EXIST2022	687	non-sexist
EXIST2022	688	sexist
EXIST2022	689	sexist
EXIST2022	690	sexist
EXIST2022	691	non-sexist
EXIST2022	692	sexist
EXIST2022	693	sexist
EXIST2022	694	non-sexist
EXIST2022	695	sexist
EXIST2022	696	sexist
EXIST2022	697	non-sexist
EXIST2022	698	non-sexist
EXIST2022	699	non-sexist
EXIST2022	700	non-sexist
EXIST2022	701	sexist
EXIST2022	702	non-sexist
EXIST2022	703	sexist
EXIST2022	704	non-sexist
EXIST2022	705	sexist
EXIST2022	706	sexist
EXIST2022	707	sexist
EXIST2022	708	non-sexist
EXIST2022	709	sexist
EXIST2022	710	non-sexist
EXIST2022	711	sexist
EXIST2022	712	sexist
EXIST2022	713	sexist
EXIST2022	714	sexist
EXIST2022	715	non-sexist
EXIST2022	716	non-sexist
EXIST2022	717	non-sexist
EXIST2022	718	sexist
EXIST2022	719	sexist
EXIST2022	720	sexist
EXIST2022	721	sexist
EXIST2022	722	sexist
EXIST2022	723	non-sexist
EXIST2022	724	non-sexist
EXIST2022	725	sexist
EXIST2022	726	sexist
EXIST2022	727	sexist
EXIST2022	728	non-sexist
EXIST2022	729	non-sexist
EXIST2022	730	non-sexist
EXIST2022	731	sexist
EXIST2022	732	sexist
EXIST2022	733	sexist
EXIST2022	734	non-sexist
EXIST2022	735	non-sexist
EXIST2022	736	sexist
EXIST2022	737	non-sexist
EXIST2022	738	non-sexist
EXIST2022	739	sexist
EXIST2022	740	non-sexist
EXIST2022	741	sexist
EXIST2022	742	sexist
EXIST2022	743	non-sexist
EXIST2022	744	sexist
EXIST2022	745	sexist
EXIST2022	746	non-sexist
EXIST2022	747	sexist
EXIST2022	748	sexist
EXIST2022	749	non-sexist
EXIST2022	750	sexist
EXIST2022	751	sexist
EXIST2022	752	sexist
EXIST2022	753	sexist
EXIST2022	754	non-sexist
EXIST2022	755	non-sexist
EXIST2022	756	sexist
EXIST2022	757	sexist
EXIST2022	758	sexist
EXIST2022	759	non-sexist
EXIST2022	760	non-sexist
EXIST2022	761	non-sexist
EXIST2022	762	sexist
EXIST2022	763	non-sexist
EXIST2022	764	non-sexist
EXIST2022	765	non-sexist
EXIST2022	766	sexist
EXIST2022	767	sexist
EXIST2022	768	sexist
EXIST2022	769	sexist
EXIST2022	770	sexist
EXIST2022	771	sexist
EXIST2022	772	non-sexist
EXIST2022	773	non-sexist
EXIST2022	774	sexist
EXIST2022	775	sexist
EXIST2022	776	sexist
EXIST2022	777	non-sexist
EXIST2022	778	non-sexist
EXIST2022	779	sexist
EXIST2022	780	sexist
EXIST2022	781	non-sexist
EXIST2022	782	sexist
EXIST2022	783	non-sexist
EXIST2022	784	sexist
EXIST2022	785	sexist
EXIST2022	786	sexist
EXIST2022	787	sexist
EXIST2022	788	sexist
EXIST2022	789	sexist
EXIST2022	790	sexist
EXIST2022	791	sexist
EXIST2022	792	sexist
EXIST2022	793	non-sexist
EXIST2022	794	sexist
EXIST2022	795	non-sexist
EXIST2022	796	sexist
EXIST2022	797	sexist
EXIST2022	798	sexist
EXIST2022	799	sexist
EXIST2022	800	sexist
EXIST2022	801	sexist
EXIST2022	802	sexist
EXIST2022	803	non-sexist
EXIST2022	804	non-sexist
EXIST2022	805	sexist
EXIST2022	806	non-sexist
EXIST2022	807	non-sexist
EXIST2022	808	sexist
EXIST2022	809	sexist
EXIST2022	810	sexist
EXIST2022	811	non-sexist
EXIST2022	812	sexist
EXIST2022	813	non-sexist
EXIST2022	814	sexist
EXIST2022	815	non-sexist
EXIST2022	816	sexist
EXIST2022	817	non-sexist
EXIST2022	818	sexist
EXIST2022	819	sexist
EXIST2022	820	non-sexist
EXIST2022	821	non-sexist
EXIST2022	822	sexist
EXIST2022	823	non-sexist
EXIST2022	824	sexist
EXIST2022	825	sexist
EXIST2022	826	non-sexist
EXIST2022	827	sexist
EXIST2022	828	non-sexist
EXIST2022	829	sexist
EXIST2022	830	sexist
EXIST2022	831	non-sexist
EXIST2022	832	non-sexist
EXIST2022	833	non-sexist
EXIST2022	834	sexist
EXIST2022	835	non-sexist
EXIST2022	836	sexist
EXIST2022	837	non-sexist
EXIST2022	838	sexist
EXIST2022	839	sexist
EXIST2022	840	sexist
EXIST2022	841	sexist
EXIST2022	842	sexist
EXIST2022	843	non-sexist
EXIST2022	844	sexist
EXIST2022	845	non-sexist
EXIST2022	846	sexist
EXIST2022	847	sexist
EXIST2022	848	non-sexist
EXIST2022	849	sexist
EXIST2022	850	non-sexist
EXIST2022	851	non-sexist
EXIST2022	852	sexist
EXIST2022	853	sexist
EXIST2022	854	non-sexist
EXIST2022	855	sexist
EXIST2022	856	non-sexist
EXIST2022	857	sexist
EXIST2022	858	non-sexist
EXIST2022	859	sexist
EXIST2022	860	sexist
EXIST2022	861	non-sexist
EXIST2022	862	non-sexist
EXIST2022	863	sexist
EXIST2022	864	sexist
EXIST2022	865	sexist
EXIST2022	866	sexist
EXIST2022	867	sexist
EXIST2022	868	sexist
EXIST2022	869	non-sexist
EXIST2022	870	sexist
EXIST2022	871	non-sexist
EXIST2022	872	non-sexist
EXIST2022	873	non-sexist
EXIST2022	874	sexist
EXIST2022	875	sexist
EXIST2022	876	non-sexist
EXIST2022	877	sexist
EXIST2022	878	non-sexist
EXIST2022	879	non-sexist
EXIST2022	880	sexist
EXIST2022	881	sexist
EXIST2022	882	sexist
EXIST2022	883	non-sexist
EXIST2022	884	sexist
EXIST2022	885	sexist
EXIST2022	886	non-sexist
EXIST2022	887	sexist
EXIST2022	888	sexist
EXIST2022	889	sexist
EXIST2022	890	sexist
EXIST2022	891	sexist
EXIST2022	892	sexist
EXIST2022	893	non-sexist
EXIST2022	894	sexist
EXIST2022	895	sexist
EXIST2022	896	non-sexist
EXIST2022	897	sexist
EXIST2022	898	sexist
EXIST2022	899	non-sexist
EXIST2022	900	sexist
EXIST2022	901	sexist
EXIST2022	902	non-sexist
EXIST2022	903	sexist
EXIST2022	904	sexist
EXIST2022	905	sexist
EXIST2022	906	non-sexist
EXIST2022	907	sexist
EXIST2022	908	sexist
EXIST2022	909	non-sexist
EXIST2022	910	sexist
EXIST2022	911	sexist
EXIST2022	912	sexist
EXIST2022	913	non-sexist
EXIST2022	914	sexist
EXIST2022	915	sexist
EXIST2022	916	sexist
EXIST2022	917	non-sexist
EXIST2022	918	sexist
EXIST2022	919	non-sexist
EXIST2022	920	sexist
EXIST2022	921	non-sexist
EXIST2022	922	sexist
EXIST2022	923	sexist
EXIST2022	924	non-sexist
EXIST2022	925	sexist
EXIST2022	926	sexist
EXIST2022	927	non-sexist
EXIST2022	928	non-sexist
EXIST2022	929	non-sexist
EXIST2022	930	non-sexist
EXIST2022	931	sexist
EXIST2022	932	sexist
EXIST2022	933	non-sexist
EXIST2022	934	sexist
EXIST2022	935	non-sexist
EXIST2022	936	sexist
EXIST2022	937	non-sexist
EXIST2022	938	sexist
EXIST2022	939	non-sexist
EXIST2022	940	non-sexist
EXIST2022	941	sexist
EXIST2022	942	sexist
EXIST2022	943	sexist
EXIST2022	944	sexist
EXIST2022	945	sexist
EXIST2022	946	non-sexist
EXIST2022	947	non-sexist
EXIST2022	948	sexist
EXIST2022	949	non-sexist
EXIST2022	950	sexist
EXIST2022	951	non-sexist
EXIST2022	952	sexist
EXIST2022	953	non-sexist
EXIST2022	954	sexist
EXIST2022	955	sexist
EXIST2022	956	sexist
EXIST2022	957	non-sexist
EXIST2022	958	non-sexist
EXIST2022	959	non-sexist
EXIST2022	960	sexist
EXIST2022	961	non-sexist
EXIST2022	962	non-sexist
EXIST2022	963	sexist
EXIST2022	964	non-sexist
EXIST2022	965	non-sexist
EXIST2022	966	non-sexist
EXIST2022	967	sexist
EXIST2022	968	non-sexist
EXIST2022	969	sexist
EXIST2022	970	non-sexist
EXIST2022	971	sexist
EXIST2022	972	sexist
EXIST2022	973	non-sexist
EXIST2022	974	non-sexist
EXIST2022	975	sexist
EXIST2022	976	sexist
EXIST2022	977	sexist
EXIST2022	978	sexist
EXIST2022	979	non-sexist
EXIST2022	980	sexist
EXIST2022	981	sexist
EXIST2022	982	non-sexist
EXIST2022	983	sexist
EXIST2022	984	sexist
EXIST2022	985	non-sexist
EXIST2022	986	sexist
EXIST2022	987	sexist
EXIST2022	988	sexist
EXIST2022	989	sexist
EXIST2022	990	sexist
EXIST2022	991	sexist
EXIST2022	992	sexist
EXIST2022	993	sexist
EXIST2022	994	sexist
EXIST2022	995	sexist
EXIST2022	996	sexist
EXIST2022	997	sexist
EXIST2022	998	non-sexist
EXIST2022	999	non-sexist
EXIST2022	1000	sexist
EXIST2022	1001	non-sexist
EXIST2022	1002	sexist
EXIST2022	1003	sexist
EXIST2022	1004	sexist
EXIST2022	1005	non-sexist
EXIST2022	1006	sexist
EXIST2022	1007	non-sexist
EXIST2022	1008	non-sexist
EXIST2022	1009	non-sexist
EXIST2022	1010	sexist
EXIST2022	1011	sexist
EXIST2022	1012	non-sexist
EXIST2022	1013	sexist
EXIST2022	1014	non-sexist
EXIST2022	1015	sexist
EXIST2022	1016	non-sexist
EXIST2022	1017	non-sexist
EXIST2022	1018	sexist
EXIST2022	1019	sexist
EXIST2022	1020	sexist
EXIST2022	1021	non-sexist
EXIST2022	1022	sexist
EXIST2022	1023	sexist
EXIST2022	1024	sexist
EXIST2022	1025	non-sexist
EXIST2022	1026	sexist
EXIST2022	1027	non-sexist
EXIST2022	1028	sexist
EXIST2022	1029	sexist
EXIST2022	1030	sexist
EXIST2022	1031	non-sexist
EXIST2022	1032	non-sexist
EXIST2022	1033	sexist
EXIST2022	1034	non-sexist
EXIST2022	1035	non-sexist
EXIST2022	1036	sexist
EXIST2022	1037	non-sexist
EXIST2022	1038	sexist
EXIST2022	1039	non-sexist
EXIST2022	1040	sexist
EXIST2022	1041	non-sexist
EXIST2022	1042	sexist
EXIST2022	1043	sexist
EXIST2022	1044	sexist
EXIST2022	1045	sexist
EXIST2022	1046	sexist
EXIST2022	1047	sexist
EXIST2022	1048	non-sexist
EXIST2022	1049	sexist
EXIST2022	1050	non-sexist
EXIST2022	1051	sexist
EXIST2022	1052	non-sexist
EXIST2022	1053	non-sexist
EXIST2022	1054	sexist
EXIST2022	1055	sexist
EXIST2022	1056	sexist
EXIST2022	1057	sexist
