EXIST2022	0	misogyny-non-sexual-violence
EXIST2022	1	non-sexist
EXIST2022	2	sexual-violence
EXIST2022	3	objectification
EXIST2022	4	non-sexist
EXIST2022	5	non-sexist
EXIST2022	6	sexual-violence
EXIST2022	7	non-sexist
EXIST2022	8	ideological-inequality
EXIST2022	9	objectification
EXIST2022	10	sexist
EXIST2022	11	sexist
EXIST2022	12	non-sexist
EXIST2022	13	ideological-inequality
EXIST2022	14	misogyny-non-sexual-violence
EXIST2022	15	non-sexist
EXIST2022	16	ideological-inequality
EXIST2022	17	non-sexist
EXIST2022	18	non-sexist
EXIST2022	19	non-sexist
EXIST2022	20	non-sexist
EXIST2022	21	non-sexist
EXIST2022	22	ideological-inequality
EXIST2022	23	non-sexist
EXIST2022	24	ideological-inequality
EXIST2022	25	sexual-violence
EXIST2022	26	non-sexist
EXIST2022	27	sexist
EXIST2022	28	ideological-inequality
EXIST2022	29	misogyny-non-sexual-violence
EXIST2022	30	non-sexist
EXIST2022	31	non-sexist
EXIST2022	32	ideological-inequality
EXIST2022	33	non-sexist
EXIST2022	34	ideological-inequality
EXIST2022	35	non-sexist
EXIST2022	36	non-sexist
EXIST2022	37	non-sexist
EXIST2022	38	ideological-inequality
EXIST2022	39	non-sexist
EXIST2022	40	non-sexist
EXIST2022	41	non-sexist
EXIST2022	42	ideological-inequality
EXIST2022	43	objectification
EXIST2022	44	non-sexist
EXIST2022	45	non-sexist
EXIST2022	46	misogyny-non-sexual-violence
EXIST2022	47	non-sexist
EXIST2022	48	objectification
EXIST2022	49	misogyny-non-sexual-violence
EXIST2022	50	non-sexist
EXIST2022	51	ideological-inequality
EXIST2022	52	sexual-violence
EXIST2022	53	non-sexist
EXIST2022	54	sexual-violence
EXIST2022	55	non-sexist
EXIST2022	56	ideological-inequality
EXIST2022	57	misogyny-non-sexual-violence
EXIST2022	58	non-sexist
EXIST2022	59	non-sexist
EXIST2022	60	ideological-inequality
EXIST2022	61	objectification
EXIST2022	62	non-sexist
EXIST2022	63	misogyny-non-sexual-violence
EXIST2022	64	non-sexist
EXIST2022	65	non-sexist
EXIST2022	66	sexual-violence
EXIST2022	67	non-sexist
EXIST2022	68	sexist
EXIST2022	69	sexual-violence
EXIST2022	70	sexual-violence
EXIST2022	71	objectification
EXIST2022	72	non-sexist
EXIST2022	73	sexual-violence
EXIST2022	74	ideological-inequality
EXIST2022	75	sexist
EXIST2022	76	misogyny-non-sexual-violence
EXIST2022	77	non-sexist
EXIST2022	78	sexual-violence
EXIST2022	79	ideological-inequality
EXIST2022	80	ideological-inequality
EXIST2022	81	non-sexist
EXIST2022	82	non-sexist
EXIST2022	83	non-sexist
EXIST2022	84	sexual-violence
EXIST2022	85	sexual-violence
EXIST2022	86	ideological-inequality
EXIST2022	87	ideological-inequality
EXIST2022	88	non-sexist
EXIST2022	89	ideological-inequality
EXIST2022	90	non-sexist
EXIST2022	91	objectification
EXIST2022	92	sexist
EXIST2022	93	non-sexist
EXIST2022	94	ideological-inequality
EXIST2022	95	sexual-violence
EXIST2022	96	ideological-inequality
EXIST2022	97	ideological-inequality
EXIST2022	98	non-sexist
EXIST2022	99	sexist
EXIST2022	100	sexist
EXIST2022	101	non-sexist
EXIST2022	102	misogyny-non-sexual-violence
EXIST2022	103	ideological-inequality
EXIST2022	104	non-sexist
EXIST2022	105	ideological-inequality
EXIST2022	106	ideological-inequality
EXIST2022	107	non-sexist
EXIST2022	108	sexual-violence
EXIST2022	109	non-sexist
EXIST2022	110	sexist
EXIST2022	111	sexual-violence
EXIST2022	112	non-sexist
EXIST2022	113	non-sexist
EXIST2022	114	non-sexist
EXIST2022	115	ideological-inequality
EXIST2022	116	ideological-inequality
EXIST2022	117	non-sexist
EXIST2022	118	misogyny-non-sexual-violence
EXIST2022	119	ideological-inequality
EXIST2022	120	non-sexist
EXIST2022	121	sexual-violence
EXIST2022	122	non-sexist
EXIST2022	123	sexual-violence
EXIST2022	124	objectification
EXIST2022	125	sexist
EXIST2022	126	non-sexist
EXIST2022	127	sexual-violence
EXIST2022	128	ideological-inequality
EXIST2022	129	misogyny-non-sexual-violence
EXIST2022	130	sexist
EXIST2022	131	ideological-inequality
EXIST2022	132	ideological-inequality
EXIST2022	133	ideological-inequality
EXIST2022	134	ideological-inequality
EXIST2022	135	non-sexist
EXIST2022	136	ideological-inequality
EXIST2022	137	non-sexist
EXIST2022	138	non-sexist
EXIST2022	139	non-sexist
EXIST2022	140	sexual-violence
EXIST2022	141	ideological-inequality
EXIST2022	142	non-sexist
EXIST2022	143	non-sexist
EXIST2022	144	non-sexist
EXIST2022	145	sexual-violence
EXIST2022	146	non-sexist
EXIST2022	147	objectification
EXIST2022	148	sexist
EXIST2022	149	sexist
EXIST2022	150	non-sexist
EXIST2022	151	misogyny-non-sexual-violence
EXIST2022	152	non-sexist
EXIST2022	153	objectification
EXIST2022	154	sexist
EXIST2022	155	ideological-inequality
EXIST2022	156	non-sexist
EXIST2022	157	non-sexist
EXIST2022	158	ideological-inequality
EXIST2022	159	non-sexist
EXIST2022	160	sexual-violence
EXIST2022	161	non-sexist
EXIST2022	162	sexist
EXIST2022	163	misogyny-non-sexual-violence
EXIST2022	164	ideological-inequality
EXIST2022	165	misogyny-non-sexual-violence
EXIST2022	166	sexual-violence
EXIST2022	167	non-sexist
EXIST2022	168	sexual-violence
EXIST2022	169	non-sexist
EXIST2022	170	non-sexist
EXIST2022	171	sexual-violence
EXIST2022	172	non-sexist
EXIST2022	173	ideological-inequality
EXIST2022	174	non-sexist
EXIST2022	175	non-sexist
EXIST2022	176	sexual-violence
EXIST2022	177	sexist
EXIST2022	178	misogyny-non-sexual-violence
EXIST2022	179	non-sexist
EXIST2022	180	ideological-inequality
EXIST2022	181	non-sexist
EXIST2022	182	sexual-violence
EXIST2022	183	non-sexist
EXIST2022	184	non-sexist
EXIST2022	185	non-sexist
EXIST2022	186	ideological-inequality
EXIST2022	187	sexist
EXIST2022	188	non-sexist
EXIST2022	189	non-sexist
EXIST2022	190	non-sexist
EXIST2022	191	objectification
EXIST2022	192	ideological-inequality
EXIST2022	193	sexist
EXIST2022	194	non-sexist
EXIST2022	195	non-sexist
EXIST2022	196	objectification
EXIST2022	197	non-sexist
EXIST2022	198	sexist
EXIST2022	199	non-sexist
EXIST2022	200	misogyny-non-sexual-violence
EXIST2022	201	sexual-violence
EXIST2022	202	ideological-inequality
EXIST2022	203	sexual-violence
EXIST2022	204	ideological-inequality
EXIST2022	205	non-sexist
EXIST2022	206	sexist
EXIST2022	207	non-sexist
EXIST2022	208	non-sexist
EXIST2022	209	sexual-violence
EXIST2022	210	sexual-violence
EXIST2022	211	misogyny-non-sexual-violence
EXIST2022	212	non-sexist
EXIST2022	213	non-sexist
EXIST2022	214	objectification
EXIST2022	215	sexist
EXIST2022	216	sexist
EXIST2022	217	sexual-violence
EXIST2022	218	non-sexist
EXIST2022	219	sexist
EXIST2022	220	misogyny-non-sexual-violence
EXIST2022	221	objectification
EXIST2022	222	sexual-violence
EXIST2022	223	sexist
EXIST2022	224	non-sexist
EXIST2022	225	non-sexist
EXIST2022	226	misogyny-non-sexual-violence
EXIST2022	227	non-sexist
EXIST2022	228	ideological-inequality
EXIST2022	229	misogyny-non-sexual-violence
EXIST2022	230	ideological-inequality
EXIST2022	231	sexist
EXIST2022	232	sexual-violence
EXIST2022	233	ideological-inequality
EXIST2022	234	ideological-inequality
EXIST2022	235	non-sexist
EXIST2022	236	non-sexist
EXIST2022	237	ideological-inequality
EXIST2022	238	objectification
EXIST2022	239	non-sexist
EXIST2022	240	sexist
EXIST2022	241	non-sexist
EXIST2022	242	non-sexist
EXIST2022	243	ideological-inequality
EXIST2022	244	non-sexist
EXIST2022	245	misogyny-non-sexual-violence
EXIST2022	246	sexist
EXIST2022	247	ideological-inequality
EXIST2022	248	non-sexist
EXIST2022	249	objectification
EXIST2022	250	ideological-inequality
EXIST2022	251	sexual-violence
EXIST2022	252	non-sexist
EXIST2022	253	ideological-inequality
EXIST2022	254	ideological-inequality
EXIST2022	255	sexual-violence
EXIST2022	256	non-sexist
EXIST2022	257	sexual-violence
EXIST2022	258	sexual-violence
EXIST2022	259	ideological-inequality
EXIST2022	260	objectification
EXIST2022	261	misogyny-non-sexual-violence
EXIST2022	262	non-sexist
EXIST2022	263	objectification
EXIST2022	264	non-sexist
EXIST2022	265	ideological-inequality
EXIST2022	266	objectification
EXIST2022	267	sexist
EXIST2022	268	misogyny-non-sexual-violence
EXIST2022	269	sexist
EXIST2022	270	non-sexist
EXIST2022	271	sexual-violence
EXIST2022	272	objectification
EXIST2022	273	sexist
EXIST2022	274	misogyny-non-sexual-violence
EXIST2022	275	non-sexist
EXIST2022	276	ideological-inequality
EXIST2022	277	non-sexist
EXIST2022	278	non-sexist
EXIST2022	279	non-sexist
EXIST2022	280	sexual-violence
EXIST2022	281	non-sexist
EXIST2022	282	non-sexist
EXIST2022	283	sexist
EXIST2022	284	objectification
EXIST2022	285	non-sexist
EXIST2022	286	sexist
EXIST2022	287	misogyny-non-sexual-violence
EXIST2022	288	non-sexist
EXIST2022	289	sexist
EXIST2022	290	sexist
EXIST2022	291	ideological-inequality
EXIST2022	292	ideological-inequality
EXIST2022	293	non-sexist
EXIST2022	294	sexist
EXIST2022	295	objectification
EXIST2022	296	non-sexist
EXIST2022	297	objectification
EXIST2022	298	non-sexist
EXIST2022	299	sexual-violence
EXIST2022	300	ideological-inequality
EXIST2022	301	non-sexist
EXIST2022	302	non-sexist
EXIST2022	303	sexual-violence
EXIST2022	304	non-sexist
EXIST2022	305	misogyny-non-sexual-violence
EXIST2022	306	misogyny-non-sexual-violence
EXIST2022	307	non-sexist
EXIST2022	308	non-sexist
EXIST2022	309	ideological-inequality
EXIST2022	310	non-sexist
EXIST2022	311	non-sexist
EXIST2022	312	non-sexist
EXIST2022	313	non-sexist
EXIST2022	314	objectification
EXIST2022	315	sexist
EXIST2022	316	non-sexist
EXIST2022	317	misogyny-non-sexual-violence
EXIST2022	318	objectification
EXIST2022	319	non-sexist
EXIST2022	320	sexist
EXIST2022	321	misogyny-non-sexual-violence
EXIST2022	322	objectification
EXIST2022	323	ideological-inequality
EXIST2022	324	sexual-violence
EXIST2022	325	non-sexist
EXIST2022	326	non-sexist
EXIST2022	327	ideological-inequality
EXIST2022	328	misogyny-non-sexual-violence
EXIST2022	329	sexual-violence
EXIST2022	330	non-sexist
EXIST2022	331	objectification
EXIST2022	332	sexist
EXIST2022	333	objectification
EXIST2022	334	non-sexist
EXIST2022	335	non-sexist
EXIST2022	336	ideological-inequality
EXIST2022	337	objectification
EXIST2022	338	ideological-inequality
EXIST2022	339	non-sexist
EXIST2022	340	misogyny-non-sexual-violence
EXIST2022	341	sexist
EXIST2022	342	misogyny-non-sexual-violence
EXIST2022	343	non-sexist
EXIST2022	344	non-sexist
EXIST2022	345	non-sexist
EXIST2022	346	sexual-violence
EXIST2022	347	sexual-violence
EXIST2022	348	ideological-inequality
EXIST2022	349	non-sexist
EXIST2022	350	non-sexist
EXIST2022	351	ideological-inequality
EXIST2022	352	non-sexist
EXIST2022	353	non-sexist
EXIST2022	354	ideological-inequality
EXIST2022	355	non-sexist
EXIST2022	356	non-sexist
EXIST2022	357	sexist
EXIST2022	358	non-sexist
EXIST2022	359	misogyny-non-sexual-violence
EXIST2022	360	non-sexist
EXIST2022	361	sexual-violence
EXIST2022	362	objectification
EXIST2022	363	sexist
EXIST2022	364	non-sexist
EXIST2022	365	non-sexist
EXIST2022	366	sexist
EXIST2022	367	sexual-violence
EXIST2022	368	misogyny-non-sexual-violence
EXIST2022	369	misogyny-non-sexual-violence
EXIST2022	370	sexual-violence
EXIST2022	371	sexist
EXIST2022	372	sexist
EXIST2022	373	ideological-inequality
EXIST2022	374	non-sexist
EXIST2022	375	non-sexist
EXIST2022	376	sexist
EXIST2022	377	non-sexist
EXIST2022	378	misogyny-non-sexual-violence
EXIST2022	379	non-sexist
EXIST2022	380	misogyny-non-sexual-violence
EXIST2022	381	sexist
EXIST2022	382	non-sexist
EXIST2022	383	non-sexist
EXIST2022	384	sexual-violence
EXIST2022	385	non-sexist
EXIST2022	386	sexist
EXIST2022	387	objectification
EXIST2022	388	non-sexist
EXIST2022	389	objectification
EXIST2022	390	sexual-violence
EXIST2022	391	ideological-inequality
EXIST2022	392	sexual-violence
EXIST2022	393	non-sexist
EXIST2022	394	ideological-inequality
EXIST2022	395	ideological-inequality
EXIST2022	396	non-sexist
EXIST2022	397	ideological-inequality
EXIST2022	398	non-sexist
EXIST2022	399	objectification
EXIST2022	400	ideological-inequality
EXIST2022	401	non-sexist
EXIST2022	402	non-sexist
EXIST2022	403	non-sexist
EXIST2022	404	sexist
EXIST2022	405	objectification
EXIST2022	406	misogyny-non-sexual-violence
EXIST2022	407	objectification
EXIST2022	408	non-sexist
EXIST2022	409	non-sexist
EXIST2022	410	sexist
EXIST2022	411	non-sexist
EXIST2022	412	ideological-inequality
EXIST2022	413	non-sexist
EXIST2022	414	ideological-inequality
EXIST2022	415	sexual-violence
EXIST2022	416	non-sexist
EXIST2022	417	ideological-inequality
EXIST2022	418	ideological-inequality
EXIST2022	419	ideological-inequality
EXIST2022	420	sexual-violence
EXIST2022	421	non-sexist
EXIST2022	422	misogyny-non-sexual-violence
EXIST2022	423	non-sexist
EXIST2022	424	ideological-inequality
EXIST2022	425	non-sexist
EXIST2022	426	sexist
EXIST2022	427	non-sexist
EXIST2022	428	non-sexist
EXIST2022	429	ideological-inequality
EXIST2022	430	objectification
EXIST2022	431	non-sexist
EXIST2022	432	sexist
EXIST2022	433	sexist
EXIST2022	434	sexist
EXIST2022	435	non-sexist
EXIST2022	436	ideological-inequality
EXIST2022	437	non-sexist
EXIST2022	438	sexist
EXIST2022	439	sexual-violence
EXIST2022	440	non-sexist
EXIST2022	441	sexual-violence
EXIST2022	442	non-sexist
EXIST2022	443	ideological-inequality
EXIST2022	444	misogyny-non-sexual-violence
EXIST2022	445	non-sexist
EXIST2022	446	non-sexist
EXIST2022	447	sexist
EXIST2022	448	non-sexist
EXIST2022	449	ideological-inequality
EXIST2022	450	non-sexist
EXIST2022	451	non-sexist
EXIST2022	452	non-sexist
EXIST2022	453	sexual-violence
EXIST2022	454	objectification
EXIST2022	455	non-sexist
EXIST2022	456	non-sexist
EXIST2022	457	sexual-violence
EXIST2022	458	non-sexist
EXIST2022	459	non-sexist
EXIST2022	460	sexist
EXIST2022	461	non-sexist
EXIST2022	462	sexist
EXIST2022	463	non-sexist
EXIST2022	464	sexual-violence
EXIST2022	465	non-sexist
EXIST2022	466	objectification
EXIST2022	467	non-sexist
EXIST2022	468	sexist
EXIST2022	469	sexist
EXIST2022	470	misogyny-non-sexual-violence
EXIST2022	471	misogyny-non-sexual-violence
EXIST2022	472	sexist
EXIST2022	473	sexist
EXIST2022	474	non-sexist
EXIST2022	475	non-sexist
EXIST2022	476	sexist
EXIST2022	477	non-sexist
EXIST2022	478	non-sexist
EXIST2022	479	non-sexist
EXIST2022	480	non-sexist
EXIST2022	481	objectification
EXIST2022	482	sexist
EXIST2022	483	sexual-violence
EXIST2022	484	ideological-inequality
EXIST2022	485	objectification
EXIST2022	486	non-sexist
EXIST2022	487	sexual-violence
EXIST2022	488	sexist
EXIST2022	489	non-sexist
EXIST2022	490	misogyny-non-sexual-violence
EXIST2022	491	sexist
EXIST2022	492	sexist
EXIST2022	493	objectification
EXIST2022	494	non-sexist
EXIST2022	495	non-sexist
EXIST2022	496	sexual-violence
EXIST2022	497	sexist
EXIST2022	498	sexist
EXIST2022	499	non-sexist
EXIST2022	500	sexist
EXIST2022	501	non-sexist
EXIST2022	502	objectification
EXIST2022	503	non-sexist
EXIST2022	504	objectification
EXIST2022	505	non-sexist
EXIST2022	506	ideological-inequality
EXIST2022	507	non-sexist
EXIST2022	508	objectification
EXIST2022	509	ideological-inequality
EXIST2022	510	non-sexist
EXIST2022	511	sexist
EXIST2022	512	non-sexist
EXIST2022	513	sexual-violence
EXIST2022	514	misogyny-non-sexual-violence
EXIST2022	515	ideological-inequality
EXIST2022	516	sexist
EXIST2022	517	ideological-inequality
EXIST2022	518	objectification
EXIST2022	519	sexist
EXIST2022	520	sexual-violence
EXIST2022	521	ideological-inequality
EXIST2022	522	sexual-violence
EXIST2022	523	non-sexist
EXIST2022	524	non-sexist
EXIST2022	525	ideological-inequality
EXIST2022	526	non-sexist
EXIST2022	527	ideological-inequality
EXIST2022	528	non-sexist
EXIST2022	529	non-sexist
EXIST2022	530	sexist
EXIST2022	531	non-sexist
EXIST2022	532	sexual-violence
EXIST2022	533	objectification
EXIST2022	534	sexist
EXIST2022	535	misogyny-non-sexual-violence
EXIST2022	536	sexual-violence
EXIST2022	537	objectification
EXIST2022	538	sexual-violence
EXIST2022	539	non-sexist
EXIST2022	540	non-sexist
EXIST2022	541	sexual-violence
EXIST2022	542	sexual-violence
EXIST2022	543	non-sexist
EXIST2022	544	objectification
EXIST2022	545	objectification
EXIST2022	546	non-sexist
EXIST2022	547	objectification
EXIST2022	548	non-sexist
EXIST2022	549	ideological-inequality
EXIST2022	550	non-sexist
EXIST2022	551	non-sexist
EXIST2022	552	objectification
EXIST2022	553	ideological-inequality
EXIST2022	554	ideological-inequality
EXIST2022	555	non-sexist
EXIST2022	556	non-sexist
EXIST2022	557	ideological-inequality
EXIST2022	558	non-sexist
EXIST2022	559	misogyny-non-sexual-violence
EXIST2022	560	ideological-inequality
EXIST2022	561	non-sexist
EXIST2022	562	misogyny-non-sexual-violence
EXIST2022	563	non-sexist
EXIST2022	564	sexist
EXIST2022	565	sexual-violence
EXIST2022	566	misogyny-non-sexual-violence
EXIST2022	567	sexual-violence
EXIST2022	568	non-sexist
EXIST2022	569	non-sexist
EXIST2022	570	ideological-inequality
EXIST2022	571	non-sexist
EXIST2022	572	sexual-violence
EXIST2022	573	non-sexist
EXIST2022	574	non-sexist
EXIST2022	575	non-sexist
EXIST2022	576	ideological-inequality
EXIST2022	577	non-sexist
EXIST2022	578	sexist
EXIST2022	579	ideological-inequality
EXIST2022	580	ideological-inequality
EXIST2022	581	non-sexist
EXIST2022	582	misogyny-non-sexual-violence
EXIST2022	583	sexual-violence
EXIST2022	584	non-sexist
EXIST2022	585	ideological-inequality
EXIST2022	586	non-sexist
EXIST2022	587	sexist
EXIST2022	588	misogyny-non-sexual-violence
EXIST2022	589	sexist
EXIST2022	590	non-sexist
EXIST2022	591	ideological-inequality
EXIST2022	592	ideological-inequality
EXIST2022	593	ideological-inequality
EXIST2022	594	sexist
EXIST2022	595	non-sexist
EXIST2022	596	misogyny-non-sexual-violence
EXIST2022	597	non-sexist
EXIST2022	598	sexist
EXIST2022	599	objectification
EXIST2022	600	non-sexist
EXIST2022	601	sexist
EXIST2022	602	non-sexist
EXIST2022	603	ideological-inequality
EXIST2022	604	ideological-inequality
EXIST2022	605	sexual-violence
EXIST2022	606	non-sexist
EXIST2022	607	sexist
EXIST2022	608	objectification
EXIST2022	609	misogyny-non-sexual-violence
EXIST2022	610	non-sexist
EXIST2022	611	ideological-inequality
EXIST2022	612	non-sexist
EXIST2022	613	misogyny-non-sexual-violence
EXIST2022	614	sexual-violence
EXIST2022	615	ideological-inequality
EXIST2022	616	sexual-violence
EXIST2022	617	non-sexist
EXIST2022	618	ideological-inequality
EXIST2022	619	non-sexist
EXIST2022	620	sexist
EXIST2022	621	ideological-inequality
EXIST2022	622	misogyny-non-sexual-violence
EXIST2022	623	non-sexist
EXIST2022	624	ideological-inequality
EXIST2022	625	non-sexist
EXIST2022	626	non-sexist
EXIST2022	627	non-sexist
EXIST2022	628	non-sexist
EXIST2022	629	non-sexist
EXIST2022	630	non-sexist
EXIST2022	631	sexual-violence
EXIST2022	632	objectification
EXIST2022	633	misogyny-non-sexual-violence
EXIST2022	634	ideological-inequality
EXIST2022	635	non-sexist
EXIST2022	636	sexual-violence
EXIST2022	637	objectification
EXIST2022	638	sexual-violence
EXIST2022	639	sexist
EXIST2022	640	sexist
EXIST2022	641	non-sexist
EXIST2022	642	non-sexist
EXIST2022	643	non-sexist
EXIST2022	644	misogyny-non-sexual-violence
EXIST2022	645	non-sexist
EXIST2022	646	non-sexist
EXIST2022	647	objectification
EXIST2022	648	sexual-violence
EXIST2022	649	non-sexist
EXIST2022	650	sexist
EXIST2022	651	sexist
EXIST2022	652	non-sexist
EXIST2022	653	non-sexist
EXIST2022	654	sexist
EXIST2022	655	non-sexist
EXIST2022	656	ideological-inequality
EXIST2022	657	ideological-inequality
EXIST2022	658	non-sexist
EXIST2022	659	non-sexist
EXIST2022	660	sexist
EXIST2022	661	non-sexist
EXIST2022	662	sexist
EXIST2022	663	ideological-inequality
EXIST2022	664	non-sexist
EXIST2022	665	non-sexist
EXIST2022	666	non-sexist
EXIST2022	667	non-sexist
EXIST2022	668	ideological-inequality
EXIST2022	669	sexist
EXIST2022	670	non-sexist
EXIST2022	671	non-sexist
EXIST2022	672	sexist
EXIST2022	673	non-sexist
EXIST2022	674	non-sexist
EXIST2022	675	misogyny-non-sexual-violence
EXIST2022	676	ideological-inequality
EXIST2022	677	objectification
EXIST2022	678	ideological-inequality
EXIST2022	679	non-sexist
EXIST2022	680	misogyny-non-sexual-violence
EXIST2022	681	sexual-violence
EXIST2022	682	non-sexist
EXIST2022	683	non-sexist
EXIST2022	684	non-sexist
EXIST2022	685	non-sexist
EXIST2022	686	misogyny-non-sexual-violence
EXIST2022	687	non-sexist
EXIST2022	688	sexist
EXIST2022	689	sexist
EXIST2022	690	misogyny-non-sexual-violence
EXIST2022	691	non-sexist
EXIST2022	692	non-sexist
EXIST2022	693	sexist
EXIST2022	694	ideological-inequality
EXIST2022	695	ideological-inequality
EXIST2022	696	objectification
EXIST2022	697	non-sexist
EXIST2022	698	non-sexist
EXIST2022	699	non-sexist
EXIST2022	700	non-sexist
EXIST2022	701	sexist
EXIST2022	702	non-sexist
EXIST2022	703	ideological-inequality
EXIST2022	704	objectification
EXIST2022	705	objectification
EXIST2022	706	sexual-violence
EXIST2022	707	ideological-inequality
EXIST2022	708	ideological-inequality
EXIST2022	709	ideological-inequality
EXIST2022	710	ideological-inequality
EXIST2022	711	sexual-violence
EXIST2022	712	ideological-inequality
EXIST2022	713	non-sexist
EXIST2022	714	sexist
EXIST2022	715	non-sexist
EXIST2022	716	ideological-inequality
EXIST2022	717	non-sexist
EXIST2022	718	objectification
EXIST2022	719	ideological-inequality
EXIST2022	720	non-sexist
EXIST2022	721	objectification
EXIST2022	722	sexual-violence
EXIST2022	723	non-sexist
EXIST2022	724	non-sexist
EXIST2022	725	ideological-inequality
EXIST2022	726	ideological-inequality
EXIST2022	727	non-sexist
EXIST2022	728	non-sexist
EXIST2022	729	non-sexist
EXIST2022	730	non-sexist
EXIST2022	731	ideological-inequality
EXIST2022	732	ideological-inequality
EXIST2022	733	sexist
EXIST2022	734	non-sexist
EXIST2022	735	sexist
EXIST2022	736	misogyny-non-sexual-violence
EXIST2022	737	non-sexist
EXIST2022	738	non-sexist
EXIST2022	739	non-sexist
EXIST2022	740	non-sexist
EXIST2022	741	objectification
EXIST2022	742	misogyny-non-sexual-violence
EXIST2022	743	non-sexist
EXIST2022	744	objectification
EXIST2022	745	objectification
EXIST2022	746	sexual-violence
EXIST2022	747	ideological-inequality
EXIST2022	748	sexist
EXIST2022	749	non-sexist
EXIST2022	750	objectification
EXIST2022	751	sexist
EXIST2022	752	objectification
EXIST2022	753	misogyny-non-sexual-violence
EXIST2022	754	non-sexist
EXIST2022	755	non-sexist
EXIST2022	756	ideological-inequality
EXIST2022	757	objectification
EXIST2022	758	ideological-inequality
EXIST2022	759	non-sexist
EXIST2022	760	non-sexist
EXIST2022	761	non-sexist
EXIST2022	762	misogyny-non-sexual-violence
EXIST2022	763	non-sexist
EXIST2022	764	non-sexist
EXIST2022	765	non-sexist
EXIST2022	766	ideological-inequality
EXIST2022	767	ideological-inequality
EXIST2022	768	ideological-inequality
EXIST2022	769	sexist
EXIST2022	770	sexual-violence
EXIST2022	771	ideological-inequality
EXIST2022	772	non-sexist
EXIST2022	773	non-sexist
EXIST2022	774	sexist
EXIST2022	775	misogyny-non-sexual-violence
EXIST2022	776	objectification
EXIST2022	777	non-sexist
EXIST2022	778	non-sexist
EXIST2022	779	sexist
EXIST2022	780	non-sexist
EXIST2022	781	non-sexist
EXIST2022	782	non-sexist
EXIST2022	783	non-sexist
EXIST2022	784	ideological-inequality
EXIST2022	785	sexist
EXIST2022	786	non-sexist
EXIST2022	787	misogyny-non-sexual-violence
EXIST2022	788	non-sexist
EXIST2022	789	ideological-inequality
EXIST2022	790	ideological-inequality
EXIST2022	791	misogyny-non-sexual-violence
EXIST2022	792	sexist
EXIST2022	793	non-sexist
EXIST2022	794	sexual-violence
EXIST2022	795	non-sexist
EXIST2022	796	ideological-inequality
EXIST2022	797	non-sexist
EXIST2022	798	ideological-inequality
EXIST2022	799	sexist
EXIST2022	800	ideological-inequality
EXIST2022	801	ideological-inequality
EXIST2022	802	objectification
EXIST2022	803	non-sexist
EXIST2022	804	non-sexist
EXIST2022	805	sexist
EXIST2022	806	sexist
EXIST2022	807	sexist
EXIST2022	808	ideological-inequality
EXIST2022	809	ideological-inequality
EXIST2022	810	misogyny-non-sexual-violence
EXIST2022	811	non-sexist
EXIST2022	812	misogyny-non-sexual-violence
EXIST2022	813	non-sexist
EXIST2022	814	ideological-inequality
EXIST2022	815	non-sexist
EXIST2022	816	misogyny-non-sexual-violence
EXIST2022	817	non-sexist
EXIST2022	818	sexist
EXIST2022	819	ideological-inequality
EXIST2022	820	non-sexist
EXIST2022	821	non-sexist
EXIST2022	822	objectification
EXIST2022	823	sexist
EXIST2022	824	ideological-inequality
EXIST2022	825	non-sexist
EXIST2022	826	non-sexist
EXIST2022	827	ideological-inequality
EXIST2022	828	non-sexist
EXIST2022	829	sexist
EXIST2022	830	non-sexist
EXIST2022	831	non-sexist
EXIST2022	832	non-sexist
EXIST2022	833	non-sexist
EXIST2022	834	objectification
EXIST2022	835	non-sexist
EXIST2022	836	ideological-inequality
EXIST2022	837	non-sexist
EXIST2022	838	sexist
EXIST2022	839	sexist
EXIST2022	840	misogyny-non-sexual-violence
EXIST2022	841	sexist
EXIST2022	842	non-sexist
EXIST2022	843	non-sexist
EXIST2022	844	objectification
EXIST2022	845	ideological-inequality
EXIST2022	846	ideological-inequality
EXIST2022	847	ideological-inequality
EXIST2022	848	non-sexist
EXIST2022	849	non-sexist
EXIST2022	850	non-sexist
EXIST2022	851	sexist
EXIST2022	852	sexual-violence
EXIST2022	853	non-sexist
EXIST2022	854	non-sexist
EXIST2022	855	misogyny-non-sexual-violence
EXIST2022	856	non-sexist
EXIST2022	857	objectification
EXIST2022	858	non-sexist
EXIST2022	859	sexual-violence
EXIST2022	860	sexist
EXIST2022	861	non-sexist
EXIST2022	862	non-sexist
EXIST2022	863	sexual-violence
EXIST2022	864	non-sexist
EXIST2022	865	sexist
EXIST2022	866	sexist
EXIST2022	867	sexual-violence
EXIST2022	868	non-sexist
EXIST2022	869	non-sexist
EXIST2022	870	misogyny-non-sexual-violence
EXIST2022	871	non-sexist
EXIST2022	872	misogyny-non-sexual-violence
EXIST2022	873	non-sexist
EXIST2022	874	ideological-inequality
EXIST2022	875	non-sexist
EXIST2022	876	non-sexist
EXIST2022	877	sexist
EXIST2022	878	non-sexist
EXIST2022	879	objectification
EXIST2022	880	ideological-inequality
EXIST2022	881	sexual-violence
EXIST2022	882	non-sexist
EXIST2022	883	non-sexist
EXIST2022	884	non-sexist
EXIST2022	885	objectification
EXIST2022	886	ideological-inequality
EXIST2022	887	sexual-violence
EXIST2022	888	sexual-violence
EXIST2022	889	ideological-inequality
EXIST2022	890	sexual-violence
EXIST2022	891	non-sexist
EXIST2022	892	ideological-inequality
EXIST2022	893	non-sexist
EXIST2022	894	misogyny-non-sexual-violence
EXIST2022	895	sexual-violence
EXIST2022	896	non-sexist
EXIST2022	897	objectification
EXIST2022	898	ideological-inequality
EXIST2022	899	non-sexist
EXIST2022	900	misogyny-non-sexual-violence
EXIST2022	901	ideological-inequality
EXIST2022	902	misogyny-non-sexual-violence
EXIST2022	903	objectification
EXIST2022	904	sexist
EXIST2022	905	objectification
EXIST2022	906	non-sexist
EXIST2022	907	ideological-inequality
EXIST2022	908	non-sexist
EXIST2022	909	objectification
EXIST2022	910	ideological-inequality
EXIST2022	911	ideological-inequality
EXIST2022	912	sexist
EXIST2022	913	sexist
EXIST2022	914	misogyny-non-sexual-violence
EXIST2022	915	sexist
EXIST2022	916	ideological-inequality
EXIST2022	917	non-sexist
EXIST2022	918	sexist
EXIST2022	919	non-sexist
EXIST2022	920	objectification
EXIST2022	921	non-sexist
EXIST2022	922	objectification
EXIST2022	923	ideological-inequality
EXIST2022	924	non-sexist
EXIST2022	925	sexual-violence
EXIST2022	926	non-sexist
EXIST2022	927	non-sexist
EXIST2022	928	non-sexist
EXIST2022	929	non-sexist
EXIST2022	930	non-sexist
EXIST2022	931	sexist
EXIST2022	932	ideological-inequality
EXIST2022	933	non-sexist
EXIST2022	934	objectification
EXIST2022	935	non-sexist
EXIST2022	936	misogyny-non-sexual-violence
EXIST2022	937	non-sexist
EXIST2022	938	sexual-violence
EXIST2022	939	non-sexist
EXIST2022	940	non-sexist
EXIST2022	941	objectification
EXIST2022	942	sexist
EXIST2022	943	objectification
EXIST2022	944	objectification
EXIST2022	945	sexist
EXIST2022	946	ideological-inequality
EXIST2022	947	objectification
EXIST2022	948	misogyny-non-sexual-violence
EXIST2022	949	non-sexist
EXIST2022	950	ideological-inequality
EXIST2022	951	non-sexist
EXIST2022	952	sexist
EXIST2022	953	non-sexist
EXIST2022	954	sexual-violence
EXIST2022	955	misogyny-non-sexual-violence
EXIST2022	956	objectification
EXIST2022	957	non-sexist
EXIST2022	958	non-sexist
EXIST2022	959	sexist
EXIST2022	960	ideological-inequality
EXIST2022	961	non-sexist
EXIST2022	962	non-sexist
EXIST2022	963	misogyny-non-sexual-violence
EXIST2022	964	objectification
EXIST2022	965	objectification
EXIST2022	966	sexist
EXIST2022	967	misogyny-non-sexual-violence
EXIST2022	968	non-sexist
EXIST2022	969	sexist
EXIST2022	970	non-sexist
EXIST2022	971	ideological-inequality
EXIST2022	972	sexual-violence
EXIST2022	973	sexist
EXIST2022	974	non-sexist
EXIST2022	975	sexist
EXIST2022	976	misogyny-non-sexual-violence
EXIST2022	977	ideological-inequality
EXIST2022	978	sexist
EXIST2022	979	non-sexist
EXIST2022	980	objectification
EXIST2022	981	sexual-violence
EXIST2022	982	non-sexist
EXIST2022	983	non-sexist
EXIST2022	984	misogyny-non-sexual-violence
EXIST2022	985	non-sexist
EXIST2022	986	sexual-violence
EXIST2022	987	objectification
EXIST2022	988	sexual-violence
EXIST2022	989	ideological-inequality
EXIST2022	990	non-sexist
EXIST2022	991	sexual-violence
EXIST2022	992	non-sexist
EXIST2022	993	sexual-violence
EXIST2022	994	misogyny-non-sexual-violence
EXIST2022	995	sexist
EXIST2022	996	sexist
EXIST2022	997	ideological-inequality
EXIST2022	998	non-sexist
EXIST2022	999	objectification
EXIST2022	1000	ideological-inequality
EXIST2022	1001	non-sexist
EXIST2022	1002	sexist
EXIST2022	1003	ideological-inequality
EXIST2022	1004	ideological-inequality
EXIST2022	1005	non-sexist
EXIST2022	1006	ideological-inequality
EXIST2022	1007	non-sexist
EXIST2022	1008	non-sexist
EXIST2022	1009	non-sexist
EXIST2022	1010	ideological-inequality
EXIST2022	1011	objectification
EXIST2022	1012	non-sexist
EXIST2022	1013	sexual-violence
EXIST2022	1014	misogyny-non-sexual-violence
EXIST2022	1015	sexual-violence
EXIST2022	1016	objectification
EXIST2022	1017	non-sexist
EXIST2022	1018	sexual-violence
EXIST2022	1019	ideological-inequality
EXIST2022	1020	non-sexist
EXIST2022	1021	sexist
EXIST2022	1022	misogyny-non-sexual-violence
EXIST2022	1023	ideological-inequality
EXIST2022	1024	sexist
EXIST2022	1025	non-sexist
EXIST2022	1026	sexist
EXIST2022	1027	non-sexist
EXIST2022	1028	ideological-inequality
EXIST2022	1029	misogyny-non-sexual-violence
EXIST2022	1030	sexist
EXIST2022	1031	non-sexist
EXIST2022	1032	non-sexist
EXIST2022	1033	non-sexist
EXIST2022	1034	non-sexist
EXIST2022	1035	non-sexist
EXIST2022	1036	ideological-inequality
EXIST2022	1037	sexual-violence
EXIST2022	1038	misogyny-non-sexual-violence
EXIST2022	1039	sexual-violence
EXIST2022	1040	sexual-violence
EXIST2022	1041	sexist
EXIST2022	1042	sexist
EXIST2022	1043	ideological-inequality
EXIST2022	1044	ideological-inequality
EXIST2022	1045	misogyny-non-sexual-violence
EXIST2022	1046	sexist
EXIST2022	1047	ideological-inequality
EXIST2022	1048	ideological-inequality
EXIST2022	1049	ideological-inequality
EXIST2022	1050	non-sexist
EXIST2022	1051	non-sexist
EXIST2022	1052	non-sexist
EXIST2022	1053	non-sexist
EXIST2022	1054	misogyny-non-sexual-violence
EXIST2022	1055	sexist
EXIST2022	1056	sexual-violence
EXIST2022	1057	misogyny-non-sexual-violence
